INSERT INTO auth.oauth_clients (id,client_secret_hash,registration_type,redirect_uris,grant_types,client_name,client_uri,logo_uri,created_at,updated_at,deleted_at,client_type,token_endpoint_auth_method) VALUES ('577e4468-a806-489e-8b99-206471e7442c', '', 'manual', 'http://127.0.0.1:45619/callback', 'authorization_code', 'Overlord CLI', NULL, NULL, DEFAULT, DEFAULT, NULL, 'public', 'none'), ('f9a4c58c-68c7-4a20-88f9-2a2dc3eed88e', '', 'manual', 'http://127.0.0.1:45620/callback', 'authorization_code', 'Overlord Electron', NULL, NULL, DEFAULT, DEFAULT, NULL, 'public', 'none'), ('c90772e6-6f54-4a14-964f-198c72821a45', '', 'manual', 'http://localhost:3000/auth/device/oauth-callback', 'authorization_code', 'Overlord Device', NULL, NULL, DEFAULT, DEFAULT, NULL, 'public', 'none');
INSERT INTO auth.users (instance_id,id,aud,role,email,encrypted_password,email_confirmed_at,invited_at,confirmation_token,confirmation_sent_at,recovery_token,recovery_sent_at,email_change_token_new,email_change,email_change_sent_at,last_sign_in_at,raw_app_meta_data,raw_user_meta_data,is_super_admin,created_at,updated_at,phone,phone_confirmed_at,phone_change,phone_change_token,phone_change_sent_at,email_change_token_current,email_change_confirm_status,banned_until,reauthentication_token,reauthentication_sent_at,is_sso_user,deleted_at,is_anonymous) VALUES ('00000000-0000-0000-0000-000000000000', '11111111-1111-4111-8111-111111111111', 'authenticated', 'authenticated', 'jake@c.com', '$2a$10$Ak5xAbjO2ZkpsgwBqKwsxOWQcnc2XDyCVZ4WN9Dh0GukXjO5PmAm6', '2020-02-10T13:34:50.000Z', '2020-03-07T03:00:57.000Z', 'Videant qui et restatem eas causa epicipsa.', '2020-12-28T11:35:00.000Z', 'Graecistius ab esse verum libervi, periis sit vire vitamicar voluptatem atione fortibus eo.', '2020-01-09T00:49:11.000Z', 'Concere ego nihil intellegan intera.', 'Lectorquem otis optimi sentiar legantiam scaevole.', '2020-10-02T09:19:38.000Z', '2020-08-16T19:13:05.000Z', '{"provider":"email","providers":["email"]}', '{"name":"Jake","email":"jake@c.com","username":"jchaselubitz"}', 'f', '2020-06-06T05:41:47.000Z', '2020-03-11T02:10:13.000Z', DEFAULT, '2020-03-11T02:53:19.000Z', DEFAULT, DEFAULT, '2020-12-24T11:30:02.000Z', DEFAULT, DEFAULT, '2020-06-10T05:08:46.000Z', DEFAULT, '2020-06-26T17:49:35.000Z', DEFAULT, '2020-03-23T14:25:27.000Z', DEFAULT), ('00000000-0000-0000-0000-000000000000', '22222222-2222-4222-8222-222222222222', 'authenticated', 'authenticated', 'alice@c.com', '$2a$10$Ak5xAbjO2ZkpsgwBqKwsxOWQcnc2XDyCVZ4WN9Dh0GukXjO5PmAm6', '2020-02-26T13:38:22.000Z', '2020-03-23T14:40:28.000Z', 'Epicium confirmissum inem andae dolordinem nec util.', '2020-10-18T22:13:30.000Z', 'Rerum dum orum amiciti quam, insequimur aut maximus dis ad illus.', '2020-09-25T08:22:24.000Z', 'Se eius et continere sedatum et, vituptas iudicarte necest in omnesque saepe spatio.', 'Is liberea consequatur ne liberenda etiamque quasi.', '2020-06-18T17:21:57.000Z', '2020-03-27T14:58:22.000Z', '{"provider":"email","providers":["email"]}', '{"name":"Alice","email":"alice@c.com","username":"alicecooper"}', 'f', '2020-01-17T12:52:35.000Z', '2020-05-25T17:01:44.000Z', DEFAULT, '2020-07-19T18:13:25.000Z', DEFAULT, DEFAULT, '2020-06-22T05:10:29.000Z', DEFAULT, DEFAULT, '2020-04-04T15:27:18.000Z', DEFAULT, '2020-06-06T17:32:29.000Z', DEFAULT, '2020-08-12T20:00:19.000Z', DEFAULT);
INSERT INTO public.organizations (id,name,created_at,updated_at,feed_retention_days,git_provider) VALUES (1, 'Cooperativ', DEFAULT, DEFAULT, 30, NULL);
SELECT setval('"public"."organizations_id_seq"'::regclass, (SELECT MAX("id") FROM "public"."organizations"));
INSERT INTO public.members (organization_id,user_id,role,created_at,updated_at) VALUES (1, '11111111-1111-4111-8111-111111111111', 'ADMIN', DEFAULT, DEFAULT), (1, '22222222-2222-4222-8222-222222222222', 'MANAGER', DEFAULT, DEFAULT);
INSERT INTO public.ticket_statuses (name,status_type,position,is_default,created_at,updated_at,organization_id) VALUES ('draft', 'draft', 0, 't', DEFAULT, DEFAULT, 1), ('execute', 'execute', 1, 't', DEFAULT, DEFAULT, 1), ('review', 'review', 2, 't', DEFAULT, DEFAULT, 1), ('complete', 'complete', 3, 't', DEFAULT, DEFAULT, 1);
INSERT INTO public.projects (id,organization_id,name,color,created_at,updated_at,everhour_project_id,slack_default_status,operations_profile,operations_profile_fingerprint,operations_profile_generated_at) VALUES ('aaaaaaaa-0000-4000-8000-000000000001', 1, 'Alpha', '#6366f1', DEFAULT, DEFAULT, 'Consoleatur quia excelertis metu de itatomi tam ferata, defenti quae dedocaris im sint aut voluptatem modis.', 'Sapiendum ut sapientes non esse ea manus, is audiebam nobis ipsa non.', 'null', NULL, NULL), ('aaaaaaaa-0000-4000-8000-000000000002', 1, 'Beta', '#10b981', DEFAULT, DEFAULT, 'Id quidamicip successione tem suum nec si, ula te res quamquam torquatus liberant naturos.', 'Ferenimpor est factis vidus corporis quem, inquit e im nulla nec subtilius.', 'null', NULL, NULL);
INSERT INTO public.project_tag_definitions (id,project_id,key,label,description,color,is_active,created_at,updated_at) VALUES ('2f33d862-046d-54a1-9ffe-17c2fb016c99', 'aaaaaaaa-0000-4000-8000-000000000001', 'webapp', 'webapp', NULL, NULL, 't', DEFAULT, DEFAULT), ('efbe69c3-985b-5c4f-9903-04b4d099eb93', 'aaaaaaaa-0000-4000-8000-000000000001', 'desktop', 'desktop', NULL, NULL, 't', DEFAULT, DEFAULT), ('8bc1732c-0e82-5017-99b1-0951ca3745f7', 'aaaaaaaa-0000-4000-8000-000000000001', 'mobile-app', 'mobile app', NULL, NULL, 't', DEFAULT, DEFAULT), ('9ccde5b6-9537-5cea-8120-2a8c4fc7b584', 'aaaaaaaa-0000-4000-8000-000000000001', 'edge', 'edge', NULL, NULL, 't', DEFAULT, DEFAULT), ('07970c82-5a25-5a24-801a-7f92953f54e3', 'aaaaaaaa-0000-4000-8000-000000000001', 'database', 'database', NULL, NULL, 't', DEFAULT, DEFAULT), ('65a2e948-2dd3-5fe8-8149-c2345bb10414', 'aaaaaaaa-0000-4000-8000-000000000002', 'webapp', 'webapp', NULL, NULL, 't', DEFAULT, DEFAULT), ('8df27a2d-cd5c-5b01-9ec9-da92f848419b', 'aaaaaaaa-0000-4000-8000-000000000002', 'desktop', 'desktop', NULL, NULL, 't', DEFAULT, DEFAULT), ('6c84c004-2b48-51f7-9e06-b915daa7d5d1', 'aaaaaaaa-0000-4000-8000-000000000002', 'mobile-app', 'mobile app', NULL, NULL, 't', DEFAULT, DEFAULT), ('df6a5908-e833-5843-8441-3b8a293ff5f3', 'aaaaaaaa-0000-4000-8000-000000000002', 'edge', 'edge', NULL, NULL, 't', DEFAULT, DEFAULT), ('ef1ebd6d-31b3-5384-9574-73be55ec8053', 'aaaaaaaa-0000-4000-8000-000000000002', 'database', 'database', NULL, NULL, 't', DEFAULT, DEFAULT);
INSERT INTO public.tickets (id,ticket_sequence,title,context,constraints,available_tools,acceptance_criteria,output_format,priority,status,created_by,created_at,updated_at,board_position,organization_id,everhour_task_id,project_id,execution_target,search_vector,is_read,delegate,due_datetime,schedule_id,source,slack_workspace_id,slack_channel_id,slack_thread_ts,ticket_id) VALUES ('bbbbbbbb-0000-4000-8000-000000000001', 14978343, 'Set up CI/CD pipeline', DEFAULT, DEFAULT, DEFAULT, NULL, DEFAULT, 'high', 'review', NULL, DEFAULT, DEFAULT, 1, 1, NULL, NULL, 'agent', 'Dixi', DEFAULT, NULL, '2020-04-20T15:51:34.000Z', NULL, 'Convenus videam sine quamquam ex non tractate.', NULL, 'Semperpeten hones ius convero et labefficiat, sunt putavis entium vare rudem.', 'Invester causa repelabor fecta ens dolorest se vidis.', '1:1'), ('bbbbbbbb-0000-4000-8000-000000000002', 12745127, 'Design system tokens', DEFAULT, DEFAULT, DEFAULT, NULL, DEFAULT, 'medium', 'draft', NULL, DEFAULT, DEFAULT, 2, 1, NULL, NULL, 'human', 'Quae', DEFAULT, NULL, '2020-08-04T07:38:52.000Z', NULL, 'Antiopam quis in quia si optimendae non, numquam sus ut cum ertimo suspicathen desere.', NULL, 'Parvos is prorsus voluptas ant multa finibus dolore, e interunt amicur verum quibusque optimum.', 'Aliam mihi depravates tenebo haereret concorpus referim.', '1:2'), ('bbbbbbbb-0000-4000-8000-000000000003', 30184, 'Write API documentation', DEFAULT, DEFAULT, DEFAULT, NULL, DEFAULT, 'low', 'draft', NULL, DEFAULT, DEFAULT, 3, 1, NULL, NULL, 'agent', 'Quoque', DEFAULT, NULL, '2020-08-16T20:01:19.000Z', NULL, 'Ad quod nos beatament veris.', NULL, 'Me cum si delectus sed autem libendae.', 'Dolore arentibus epicore aut ipsa.', '1:3'), ('bbbbbbbb-0000-4000-8000-000000000004', 15206256, 'Integrate analytics SDK', DEFAULT, DEFAULT, DEFAULT, NULL, DEFAULT, 'medium', 'draft', NULL, DEFAULT, DEFAULT, 1, 1, NULL, NULL, 'human', 'Etiam', DEFAULT, 'Claude', '2020-11-27T10:37:57.000Z', NULL, 'In ipsos in medium utus.', NULL, 'Habet efficeran ut sum vero.', 'Profecce sive ad magistunae fugientia ob quae certe.', '1:4'), ('bbbbbbbb-0000-4000-8000-000000000005', 6175284, 'Audit accessibility issues', DEFAULT, DEFAULT, DEFAULT, 'The script runs without errors and resolves all WCAG AA violations.', DEFAULT, 'high', 'draft', NULL, DEFAULT, DEFAULT, 2, 1, NULL, NULL, 'human', 'Forent', DEFAULT, 'Claude', '2020-03-19T14:34:00.000Z', NULL, 'Rerum sunt locum ornatur nec habeatura.', NULL, 'Inlibid cent itatemus opintuemur quae praesiditat posset sed, possit tam in susciplinab disputatio inest.', 'Potest praesereat neque tum exerantur ipsa, et vita aretiam sic desid.', '1:5'), ('bbbbbbbb-0000-4000-8000-000000000006', 13745053, 'Migrate legacy data', DEFAULT, DEFAULT, DEFAULT, 'The script runs without errors and migrates all records from the old schema to the new one.', DEFAULT, 'medium', 'draft', NULL, DEFAULT, DEFAULT, 3, 1, NULL, NULL, 'human', 'Vult', DEFAULT, NULL, '2020-03-27T02:11:32.000Z', NULL, 'Intellegi praeda sentiamque tum quosvis et difficia, maxim plurim res iganimus sint a repet.', NULL, 'Ea futur aliquid me sentiam nos, physicis iis orem neglegentur legata fugiamus.', 'Insequuntur quae est il nam minus doloria perii, affereniun am poterit quod voluptatib.', '1:6');
UPDATE public.tickets SET created_by = '11111111-1111-4111-8111-111111111111', project_id = 'aaaaaaaa-0000-4000-8000-000000000001' WHERE id = 'bbbbbbbb-0000-4000-8000-000000000001';
UPDATE public.tickets SET created_by = '11111111-1111-4111-8111-111111111111', project_id = 'aaaaaaaa-0000-4000-8000-000000000001' WHERE id = 'bbbbbbbb-0000-4000-8000-000000000002';
UPDATE public.tickets SET created_by = '11111111-1111-4111-8111-111111111111', project_id = 'aaaaaaaa-0000-4000-8000-000000000001' WHERE id = 'bbbbbbbb-0000-4000-8000-000000000003';
UPDATE public.tickets SET created_by = '11111111-1111-4111-8111-111111111111', project_id = 'aaaaaaaa-0000-4000-8000-000000000002' WHERE id = 'bbbbbbbb-0000-4000-8000-000000000004';
UPDATE public.tickets SET created_by = '11111111-1111-4111-8111-111111111111', project_id = 'aaaaaaaa-0000-4000-8000-000000000002' WHERE id = 'bbbbbbbb-0000-4000-8000-000000000005';
UPDATE public.tickets SET created_by = '11111111-1111-4111-8111-111111111111', project_id = 'aaaaaaaa-0000-4000-8000-000000000002' WHERE id = 'bbbbbbbb-0000-4000-8000-000000000006';
SELECT setval('"public"."tickets_ticket_sequence_seq"'::regclass, (SELECT MAX("ticket_sequence") FROM "public"."tickets"));
INSERT INTO public.ticket_identifier_counters (organization_id,next_sequence) VALUES (1, 7);
INSERT INTO public.objectives (id,ticket_id,objective,created_at,updated_at,title,state,agent_identifier,model_identifier,completed_at,created_by,assigned_agent) VALUES ('ffffffff-1001-4000-8000-000000000001', 'bbbbbbbb-0000-4000-8000-000000000001', 'Configure GitHub Actions workflows for lint and test jobs.', DEFAULT, DEFAULT, 'CI workflow setup', 'complete', 'Claude', NULL, '2020-04-28T03:08:00.000Z', NULL, 'null'), ('ffffffff-1002-4000-8000-000000000002', 'bbbbbbbb-0000-4000-8000-000000000001', 'Add the deploy job and wire in production secrets.', DEFAULT, DEFAULT, 'Deployment wiring', 'complete', 'Claude', NULL, '2020-04-12T03:53:46.000Z', NULL, 'null'), ('ffffffff-1003-4000-8000-000000000003', 'bbbbbbbb-0000-4000-8000-000000000002', 'Define color, spacing, and typography tokens for the Alpha project.', DEFAULT, DEFAULT, 'Design system tokens', 'draft', NULL, NULL, '2020-05-05T16:19:28.000Z', NULL, 'null'), ('ffffffff-1004-4000-8000-000000000004', 'bbbbbbbb-0000-4000-8000-000000000003', 'Document all public REST endpoints with examples and error codes.', DEFAULT, DEFAULT, 'API documentation', 'draft', NULL, NULL, '2020-08-16T07:57:57.000Z', NULL, 'null'), ('ffffffff-1005-4000-8000-000000000005', 'bbbbbbbb-0000-4000-8000-000000000004', 'Add PostHog analytics to the Beta project and instrument key user flows.', DEFAULT, DEFAULT, 'Integrate analytics SDK', 'draft', NULL, NULL, '2020-06-22T18:07:14.000Z', NULL, 'null'), ('ffffffff-1006-4000-8000-000000000006', 'bbbbbbbb-0000-4000-8000-000000000005', 'Run axe-core across all pages and resolve WCAG AA violations.', DEFAULT, DEFAULT, 'Audit accessibility issues', 'draft', 'Codex', NULL, '2020-07-11T18:57:55.000Z', NULL, 'null'), ('ffffffff-1007-4000-8000-000000000007', 'bbbbbbbb-0000-4000-8000-000000000006', 'Write a one-time script to migrate records from the old schema to the new one.', DEFAULT, DEFAULT, 'Migrate legacy data', 'draft', NULL, NULL, '2020-03-19T02:44:50.000Z', NULL, 'null');
INSERT INTO public.agent_sessions (id,ticket_id,agent_identifier,connection_method,session_state,session_key,metadata,heartbeat_at,attached_at,detached_at,created_at,updated_at,external_url,external_session_id) VALUES ('cccccccc-0000-4000-8000-000000000001', 'bbbbbbbb-0000-4000-8000-000000000001', 'Claude', 'claude_code', 'completed', 'aaaaaaaa-bbbb-4ccc-8ddd-eeeeeeeeeeee', '{"source":"seed","purpose":"review-ticket-file-changes"}', '2026-03-26T10:00:00.000Z', '2026-03-26T09:45:00.000Z', '2026-03-26T10:05:00.000Z', DEFAULT, DEFAULT, NULL, NULL);
INSERT INTO public.ticket_events (id,ticket_id,session_id,event_type,phase,summary,payload,is_blocking,created_at,created_by,objective_id) VALUES ('dddddddd-0000-4000-8000-000000000001', 'bbbbbbbb-0000-4000-8000-000000000001', NULL, 'deliver', 'review', 'Delivered the CI/CD workflow update for review.', '{"files_changed":2,"objective_titles":["CI workflow setup","Deployment wiring"]}', 'f', DEFAULT, NULL, NULL);
UPDATE public.ticket_events SET session_id = 'cccccccc-0000-4000-8000-000000000001' WHERE id = 'dddddddd-0000-4000-8000-000000000001';
INSERT INTO public.file_changes (id,ticket_id,session_id,event_id,file_name,file_path,label,summary,why,impact,change_kind,attribution_source,confidence,hunks,created_at,updated_at,checkpoint_id,objective_id) VALUES ('eeeeeeee-0000-4000-8000-000000000001', 'bbbbbbbb-0000-4000-8000-000000000001', 'cccccccc-0000-4000-8000-000000000001', 'dddddddd-0000-4000-8000-000000000001', 'ci.yml', '.github/workflows/ci.yml', 'CI workflow updates', 'Added lint and test jobs with cached dependencies and fail-fast behavior.', 'This mirrors the first completed objective and gives the review card a concrete diff to inspect.', 'Improves pipeline feedback time and makes the review state feel like an in-progress deliverable.', 'modify', 'explicit', 'explicit', '[{"header":"@@ -1,8 +1,34 @@"}]', DEFAULT, DEFAULT, NULL, NULL), ('eeeeeeee-0000-4000-8000-000000000002', 'bbbbbbbb-0000-4000-8000-000000000001', 'cccccccc-0000-4000-8000-000000000001', 'dddddddd-0000-4000-8000-000000000001', 'deploy.yml', '.github/workflows/deploy.yml', 'Deploy workflow updates', 'Wired production secrets into the deploy job and gated releases on the main branch.', 'This mirrors the second completed objective and shows a second file in the same review batch.', 'Shows how the review ticket can carry multiple related file changes before merge.', 'modify', 'explicit', 'explicit', '[{"header":"@@ -0,0 +1,28 @@"}]', DEFAULT, DEFAULT, NULL, NULL);
INSERT INTO public.feed_posts (id,organization_id,project_id,ticket_id,session_id,agent_type,title,body,tags,impact_level,files_touched,tradeoffs,human_actions,source_event_ids,source_window_start,source_window_end,created_at,updated_at,tickets_created,objective_id,created_by,summary,objective_sections,orphan_file_changes,total_events,total_files,pending_actions,source_session_ids) VALUES ('eb2f39ef-dbf0-5ca6-9c6e-bd28d6aedea8', 1, 'aaaaaaaa-0000-4000-8000-000000000001', 'bbbbbbbb-0000-4000-8000-000000000001', NULL, NULL, 'CI/CD pipeline scaffolded', 'Created the initial GitHub Actions workflows for linting and testing. Deployment step is stubbed pending secrets setup.', '{"ci","devops"}', 'medium', '{".github/workflows/ci.yml",".github/workflows/deploy.yml"}', '[{"decision":"Matrix builds for CI","alternatives_considered":"Single-runner sequential jobs","rationale":"Cuts PR feedback time at the cost of higher parallel GitHub Actions minutes."}]', '{"Reviewed workflow config","Approved secrets plan"}', '{"dddddddd-0000-4000-8000-000000000001"}', '2020-07-11T18:47:32.000Z', '2020-08-20T19:29:35.000Z', DEFAULT, DEFAULT, '[]', NULL, NULL, 'Lint and test workflows run on every PR; production deploy is wired but awaits finalized secrets.', '[{"id":"ffffffff-1001-4000-8000-000000000001","objective_id":"ffffffff-1001-4000-8000-000000000001","index":0,"title":"CI workflow setup","state":"complete","position":0,"duration":"12m","events":1,"takeaway":"Lint and test jobs run on every pull request with cached dependencies.","body":"Configured GitHub Actions workflows for lint and test jobs mirroring what reviewers now see in file changes.","file_changes":[{"path":".github/workflows/ci.yml","status":"modified","additions":34,"deletions":8,"note":"Added cached install steps and a Node 20/22 matrix with fail-fast enabled."}],"action_required":[],"tradeoffs":[{"decision":"Cache node_modules between jobs","alternatives_considered":"Fresh install each job","rationale":"Speeds up CI significantly while accepting occasional cache staleness risk."}],"event_ids":["dddddddd-0000-4000-8000-000000000001"],"updated_at":"2026-03-26T09:55:00.000Z","agent_identifier":"Claude","model_identifier":null},{"id":"ffffffff-1002-4000-8000-000000000002","objective_id":"ffffffff-1002-4000-8000-000000000002","index":1,"title":"Deployment wiring","state":"complete","position":1,"duration":"7m","events":0,"takeaway":"Deploy job exists; production credentials remain gated behind security review.","body":"Added the deploy job structure and placeholders for secrets; wiring completes once credentials land.","file_changes":[{"path":".github/workflows/deploy.yml","status":"modified","additions":28,"deletions":0,"note":"Stubbed production deploy with branch guard on main only."}],"action_required":["Confirm production secret names with security"],"tradeoffs":[{"decision":"Gate deploy on main only","alternatives_considered":"Allow deploy from long-lived release branches","rationale":"Shrinks blast radius while agents iterate on feature branches."}],"event_ids":["dddddddd-0000-4000-8000-000000000001"],"updated_at":"2026-03-26T10:04:00.000Z","agent_identifier":"Claude","model_identifier":null}]', '[]', 1, 2, 3, '{"cccccccc-0000-4000-8000-000000000001"}'), ('28f2a137-3a27-550d-95fa-832ad097adfd', 1, 'aaaaaaaa-0000-4000-8000-000000000001', 'bbbbbbbb-0000-4000-8000-000000000002', NULL, NULL, 'Design tokens defined', 'Established the initial color palette and spacing scale. Typography tokens are pending font licensing confirmation.', '{"design","frontend"}', 'low', '{"tokens/colors.ts","tokens/spacing.ts"}', '[{"decision":"CSS custom properties for runtime theming","alternatives_considered":"JS-in-CSS token objects compiled at build time","rationale":"Keeps tokens consumable from plain CSS and Storybook without extra bundler plugins."}]', '{"Reviewed palette with design team"}', '{}', '2020-08-16T08:07:23.000Z', '2020-03-07T02:40:34.000Z', DEFAULT, DEFAULT, '[]', NULL, NULL, 'Color and spacing scales are drafted in code; typography tokens wait on font licensing.', '[{"id":"ffffffff-1003-4000-8000-000000000003","objective_id":"ffffffff-1003-4000-8000-000000000003","index":0,"title":"Design system tokens","state":"draft","position":0,"duration":null,"events":0,"takeaway":"Foundational palette and spacing are ready for component refactors.","body":"Define color, spacing, and typography tokens for the Alpha project so downstream components share one source of truth.","file_changes":[{"path":"tokens/colors.ts","status":"modified","additions":42,"deletions":6,"note":"Introduced semantic color roles mapped to brand primaries."},{"path":"tokens/spacing.ts","status":"modified","additions":18,"deletions":2,"note":"Added an 8px-based spacing ladder for layout primitives."}],"action_required":["Confirm font licensing before publishing typography tokens"],"tradeoffs":[],"event_ids":[],"updated_at":null,"agent_identifier":null,"model_identifier":null}]', '[]', 0, 2, 2, '{}'), ('b23c41a8-98c5-5998-aa1e-a9d63209dfc3', 1, 'aaaaaaaa-0000-4000-8000-000000000002', 'bbbbbbbb-0000-4000-8000-000000000004', NULL, NULL, 'PostHog SDK integrated', 'Installed and initialized PostHog in the Beta app. Key flows (signup, onboarding, checkout) are now instrumented.', '{"analytics","tracking"}', 'medium', '{"lib/analytics.ts","app/layout.tsx"}', '[{"decision":"Lazy-load PostHog on interaction","alternatives_considered":"Bundle SDK with the main layout chunk","rationale":"Avoids blocking first paint while still capturing high-intent flows early enough."}]', '{"Verified events in PostHog dashboard"}', '{}', '2020-02-18T01:05:36.000Z', '2020-06-18T06:02:16.000Z', DEFAULT, DEFAULT, '[]', NULL, NULL, 'Analytics client loads after first paint; primary funnels emit events in staging.', '[{"id":"ffffffff-1005-4000-8000-000000000005","objective_id":"ffffffff-1005-4000-8000-000000000005","index":0,"title":"Integrate analytics SDK","state":"draft","position":0,"duration":null,"events":0,"takeaway":"Core acquisition and monetization funnels now emit structured analytics events.","body":"Add PostHog analytics to the Beta project and instrument key user flows so product can measure activation.","file_changes":[{"path":"lib/analytics.ts","status":"modified","additions":120,"deletions":4,"note":"Wrapped PostHog init with lazy import and safe no-op when key missing."},{"path":"app/layout.tsx","status":"modified","additions":22,"deletions":0,"note":"Mounted provider boundary without blocking SSR."}],"action_required":[],"tradeoffs":[],"event_ids":[],"updated_at":null,"agent_identifier":"Claude","model_identifier":null}]', '[]', 0, 2, 1, '{}'), ('03001170-4b13-556d-a0ba-beccf9189e29', 1, 'aaaaaaaa-0000-4000-8000-000000000002', 'bbbbbbbb-0000-4000-8000-000000000005', NULL, NULL, 'Accessibility audit complete', 'Ran axe-core on all pages. Found 12 WCAG AA violations — 8 resolved, 4 deferred to next sprint pending design input.', '{"a11y","quality"}', 'high', '{"components/Button.tsx","components/Modal.tsx","app/page.tsx"}', '[{"decision":"Defer strict color-contrast fixes","alternatives_considered":"Ship temporary high-contrast theme overrides now","rationale":"Brand palette refresh lands next sprint; avoids thrashing components twice."}]', '{"Triaged violations with design","Merged accessibility fixes"}', '{}', '2020-03-19T02:39:08.000Z', '2020-10-10T21:24:11.000Z', DEFAULT, DEFAULT, '[]', NULL, NULL, 'Automated axe pass found twelve AA issues; most are fixed in UI primitives, a few wait on brand color decisions.', '[{"id":"ffffffff-1006-4000-8000-000000000006","objective_id":"ffffffff-1006-4000-8000-000000000006","index":0,"title":"Audit accessibility issues","state":"draft","position":0,"duration":null,"events":0,"takeaway":"Critical interactive components now meet keyboard and screen reader baselines.","body":"Run axe-core across all pages and resolve WCAG AA violations, prioritizing customer-facing flows first.","file_changes":[{"path":"components/Button.tsx","status":"modified","additions":36,"deletions":12,"note":"Added focus-visible ring and aria-busy during async actions."},{"path":"components/Modal.tsx","status":"modified","additions":28,"deletions":9,"note":"Trap focus and restore on close; labelled dialogs with aria-modal."},{"path":"app/page.tsx","status":"modified","additions":14,"deletions":3,"note":"Landmark roles and heading order fixes from audit report."}],"action_required":["Design sign-off on remaining contrast exceptions"],"tradeoffs":[],"event_ids":[],"updated_at":null,"agent_identifier":"Codex","model_identifier":null}]', '[]', 0, 3, 3, '{}');
UPDATE public.feed_posts SET session_id = 'cccccccc-0000-4000-8000-000000000001', objective_id = 'ffffffff-1002-4000-8000-000000000002', created_by = '11111111-1111-4111-8111-111111111111' WHERE id = 'eb2f39ef-dbf0-5ca6-9c6e-bd28d6aedea8';
UPDATE public.feed_posts SET objective_id = 'ffffffff-1003-4000-8000-000000000003', created_by = '11111111-1111-4111-8111-111111111111' WHERE id = '28f2a137-3a27-550d-95fa-832ad097adfd';
UPDATE public.feed_posts SET objective_id = 'ffffffff-1005-4000-8000-000000000005', created_by = '11111111-1111-4111-8111-111111111111' WHERE id = 'b23c41a8-98c5-5998-aa1e-a9d63209dfc3';
UPDATE public.feed_posts SET objective_id = 'ffffffff-1006-4000-8000-000000000006', created_by = '11111111-1111-4111-8111-111111111111' WHERE id = '03001170-4b13-556d-a0ba-beccf9189e29';
