INSERT INTO auth.users (instance_id,id,aud,role,email,encrypted_password,email_confirmed_at,invited_at,confirmation_token,confirmation_sent_at,recovery_token,recovery_sent_at,email_change_token_new,email_change,email_change_sent_at,last_sign_in_at,raw_app_meta_data,raw_user_meta_data,is_super_admin,created_at,updated_at,phone,phone_confirmed_at,phone_change,phone_change_token,phone_change_sent_at,email_change_token_current,email_change_confirm_status,banned_until,reauthentication_token,reauthentication_sent_at,is_sso_user,deleted_at,is_anonymous) VALUES ('00000000-0000-0000-0000-000000000000', '11111111-1111-4111-8111-111111111111', 'authenticated', 'authenticated', 'jake@c.com', '$2a$10$Ak5xAbjO2ZkpsgwBqKwsxOWQcnc2XDyCVZ4WN9Dh0GukXjO5PmAm6', '2020-02-10T13:34:50.000Z', '2020-03-07T03:00:57.000Z', 'Videant qui et restatem eas causa epicipsa.', '2020-12-28T11:35:00.000Z', 'Graecistius ab esse verum libervi, periis sit vire vitamicar voluptatem atione fortibus eo.', '2020-01-09T00:49:11.000Z', 'Concere ego nihil intellegan intera.', 'Lectorquem otis optimi sentiar legantiam scaevole.', '2020-10-02T09:19:38.000Z', '2020-08-16T19:13:05.000Z', '{"provider":"email","providers":["email"]}', '{"name":"Jake","email":"jake@c.com","username":"jchaselubitz"}', 'f', '2020-06-06T05:41:47.000Z', '2020-03-11T02:10:13.000Z', DEFAULT, '2020-03-11T02:53:19.000Z', DEFAULT, DEFAULT, '2020-12-24T11:30:02.000Z', DEFAULT, DEFAULT, '2020-06-10T05:08:46.000Z', DEFAULT, '2020-06-26T17:49:35.000Z', DEFAULT, '2020-03-23T14:25:27.000Z', DEFAULT);
INSERT INTO auth.users (instance_id,id,aud,role,email,encrypted_password,email_confirmed_at,invited_at,confirmation_token,confirmation_sent_at,recovery_token,recovery_sent_at,email_change_token_new,email_change,email_change_sent_at,last_sign_in_at,raw_app_meta_data,raw_user_meta_data,is_super_admin,created_at,updated_at,phone,phone_confirmed_at,phone_change,phone_change_token,phone_change_sent_at,email_change_token_current,email_change_confirm_status,banned_until,reauthentication_token,reauthentication_sent_at,is_sso_user,deleted_at,is_anonymous) VALUES ('00000000-0000-0000-0000-000000000000', '22222222-2222-4222-8222-222222222222', 'authenticated', 'authenticated', 'sara@c.com', '$2a$10$5PKcdoG22k185KtjOhfxfO9E6oH11W01yBlhhElM7hzur0oNkVhH.', '2026-02-18T14:32:28.970Z', '2020-09-17T20:34:16.000Z', 'Eadem inos negatesse parte int.', '2020-12-21T00:03:10.000Z', 'Est ad sed et opinquamque inem.', '2020-05-13T16:51:38.000Z', 'Peranimum ens dolorum sint benivi de est, endum ante expleniora cum metu sapiens.', 'Medici ilis gubere verum polyaeno si modum voluptatis, ut cum praeda aut bonorem maledonis epicium ingenerit.', '2020-03-23T02:25:34.000Z', '2020-08-24T07:32:20.000Z', '{"provider":"email","providers":["email"]}', '{"name":"Sara","email":"sara@c.com","username":"sara-pm"}', 'f', '2026-02-18T14:32:28.970Z', '2026-02-18T14:32:28.970Z', DEFAULT, '2020-11-19T22:19:24.000Z', DEFAULT, DEFAULT, '2020-08-20T07:21:54.000Z', DEFAULT, DEFAULT, '2020-06-02T05:39:24.000Z', DEFAULT, '2020-06-02T17:13:53.000Z', DEFAULT, '2020-01-21T00:39:09.000Z', DEFAULT), ('00000000-0000-0000-0000-000000000000', '33333333-3333-4333-8333-333333333333', 'authenticated', 'authenticated', 'alex@c.com', '$2a$10$5PKcdoG22k185KtjOhfxfO9E6oH11W01yBlhhElM7hzur0oNkVhH.', '2026-02-18T14:32:28.970Z', '2020-06-06T17:31:39.000Z', 'Deniquem non anda de unias quid, offendimur modo est philos nobis tu libidenti tament.', '2020-12-08T11:33:23.000Z', 'Instructus viverudin modi nec nostra utus non.', '2020-03-27T14:27:29.000Z', 'Refere invideat legimpedit principlineam exisse molitur is gaudeat.', 'Doloreman currunt aliqui solet nis ad nis et, quae ad causa consiliis ne per.', '2020-09-17T08:58:22.000Z', '2020-09-25T08:29:30.000Z', '{"provider":"email","providers":["email"]}', '{"name":"Alex","email":"alex@c.com","username":"alex-agent-ops"}', 'f', '2026-02-18T14:32:28.970Z', '2026-02-18T14:32:28.970Z', DEFAULT, '2020-06-02T17:17:23.000Z', DEFAULT, DEFAULT, '2020-08-20T07:46:28.000Z', DEFAULT, DEFAULT, '2020-06-10T05:59:34.000Z', DEFAULT, '2020-01-13T12:31:12.000Z', DEFAULT, '2020-04-12T03:18:56.000Z', DEFAULT);
INSERT INTO public.members (organization_id,user_id,role,created_at,updated_at) VALUES (1, '22222222-2222-4222-8222-222222222222', 'AGENT', DEFAULT, DEFAULT), (1, '33333333-3333-4333-8333-333333333333', 'AGENT', DEFAULT, DEFAULT);
INSERT INTO public.projects (id,organization_id,name,color,created_at,updated_at,local_working_directory,everhour_project_id) VALUES ('dddddddd-dddd-4ddd-8ddd-ddddddddddd1', 1, 'Overlord Core', '#6b7280', '2026-02-18T14:32:28.970Z', '2026-02-18T14:32:28.970Z', NULL, NULL);
INSERT INTO public.tickets (id,ticket_sequence,title,objective,context,constraints,available_tools,acceptance_criteria,output_format,assigned_agent,priority,status,created_by,created_at,updated_at,board_position,organization_id,project_id) VALUES ('44444444-4444-4444-8444-444444444441', 14978343, 'Implement protocol attach flow', 'Create endpoint flow so Claude Code and ChatGPT can attach to tickets and retrieve structured context.', 'MVP focuses on protocol calls and deterministic event logs. Reuse shared state and ticket events for auditability.', 'No hidden state in clients. Every significant step writes to ticket_events.', 'REST API, MCP server, Supabase SQL, Next.js app router', 'attach returns ticket spec + history + relevant shared state and creates/updates agent session heartbeat.', 'API handlers, tests, and a short implementation summary artifact.', 'Claude Code', 'high', 'execute', '11111111-1111-4111-8111-111111111111', '2026-02-18T14:32:28.970Z', '2026-02-18T14:32:28.970Z', 1, 1, 'dddddddd-dddd-4ddd-8ddd-ddddddddddd1'), ('44444444-4444-4444-8444-444444444442', 12745127, 'Build overlap detection alerts', 'Implement shared-state overlap checks and alert events when active tickets collide on modules or tags.', 'Use shared_state as deterministic MVP source of truth before coordinator LLM and embeddings in V2.', 'Human PM remains in decision loop for all conflicts in MVP.', 'Supabase SQL, edge function triggers, ticket events', 'System emits blocking alert event and exposes candidate conflicting ticket IDs and overlap reason.', 'SQL + server action + examples in docs/overlap-detection.md', 'ChatGPT Agent', 'urgent', 'review', '22222222-2222-4222-8222-222222222222', '2026-02-18T14:32:28.970Z', '2026-02-18T14:32:28.970Z', 0, 1, 'dddddddd-dddd-4ddd-8ddd-ddddddddddd1'), ('44444444-4444-4444-8444-444444444443', 30184, 'Add Open in menu deep-link handlers', 'Provide platform-specific Open in links for Claude, ChatGPT, Terminal, and Cursor from ticket detail.', 'Support lightweight attach command handoff while preserving ticket-scoped context retrieval.', 'No platform SDK lock-in; use URL patterns and clipboard fallback.', 'Next.js UI, browser APIs, protocol routes', 'PM can launch or copy attach flows from a single menu with clear state indicators.', 'UI component, integration notes, and analytics events.', 'Claude App', 'medium', 'complete', '11111111-1111-4111-8111-111111111111', '2026-02-18T14:32:28.970Z', '2026-02-18T14:32:28.970Z', 0, 1, 'dddddddd-dddd-4ddd-8ddd-ddddddddddd1'), ('44444444-4444-4444-8444-444444444444', 15206256, 'Mobile-first PM inbox layout', 'Design ticket conversation list that surfaces blocked agents and pending PM questions first.', 'Direct-message first UX with ticket thumbnail, phase chip, and last event preview.', 'Must keep parity with desktop filters and status transitions.', 'Next.js, Tailwind, Supabase realtime', 'Inbox list is responsive and preserves ticket context isolation and quick actions.', 'Responsive page and component set with accessibility checks.', 'Cursor', 'high', 'blocked', '33333333-3333-4333-8333-333333333333', '2026-02-18T14:32:28.970Z', '2026-02-18T14:32:28.970Z', 0, 1, 'dddddddd-dddd-4ddd-8ddd-ddddddddddd1');
SELECT setval('"public"."tickets_ticket_sequence_seq"'::regclass, (SELECT MAX("ticket_sequence") FROM "public"."tickets"));
INSERT INTO public.agent_sessions (id,ticket_id,agent_identifier,connection_method,session_state,session_key,metadata,heartbeat_at,attached_at,detached_at,created_at,updated_at) VALUES ('55555555-5555-4555-8555-555555555551', '44444444-4444-4444-8444-444444444441', 'claude-code-local-1', 'claude_code', 'attached', '88888888-8888-4888-8888-888888888881', '{"transport":"cli-mcp-bridge","runtime":"claude-code","model":"claude"}', '2026-02-18T14:32:28.970Z', '2026-02-18T14:32:28.970Z', NULL, '2026-02-18T14:32:28.970Z', '2026-02-18T14:32:28.970Z'), ('55555555-5555-4555-8555-555555555552', '44444444-4444-4444-8444-444444444442', 'chatgpt-custom-gpt-2', 'chatgpt', 'idle', '88888888-8888-4888-8888-888888888882', '{"transport":"rest","runtime":"chatgpt","model":"gpt"}', '2026-02-18T14:32:28.970Z', '2026-02-18T14:32:28.970Z', NULL, '2026-02-18T14:32:28.970Z', '2026-02-18T14:32:28.970Z'), ('55555555-5555-4555-8555-555555555553', '44444444-4444-4444-8444-444444444443', 'claude-desktop-7', 'claude_app', 'completed', '88888888-8888-4888-8888-888888888883', '{"transport":"mcp-cloud","runtime":"claude-desktop"}', '2026-02-18T14:32:28.970Z', '2026-02-18T14:32:28.970Z', '2026-02-18T14:32:28.970Z', '2026-02-18T14:32:28.970Z', '2026-02-18T14:32:28.970Z');
INSERT INTO public.ticket_events (id,ticket_id,session_id,event_type,phase,summary,payload,is_blocking,created_at) VALUES ('99999999-9999-4999-8999-999999999991', '44444444-4444-4444-8444-444444444441', NULL, 'status_change', 'execute', 'Ticket moved into execution after clarification confidence threshold reached.', '{"from":"review","to":"execute","confidence":0.92}', 'f', '2026-02-18T14:32:28.970Z'), ('99999999-9999-4999-8999-999999999992', '44444444-4444-4444-8444-444444444442', NULL, 'question', 'review', 'Should overlap alerts auto-open a group conversation or require PM confirmation?', '{"options":["auto-open","pm-confirmation"],"default":"pm-confirmation"}', 't', '2026-02-18T14:32:28.970Z'), ('99999999-9999-4999-8999-999999999993', '44444444-4444-4444-8444-444444444443', NULL, 'deliver', 'review', 'Open in menu prototype delivered with per-platform fallbacks.', '{"platforms":["claude","chatgpt","terminal","cursor"],"includesClipboardFallback":true}', 'f', '2026-02-18T14:32:28.970Z'), ('99999999-9999-4999-8999-999999999994', '44444444-4444-4444-8444-444444444444', NULL, 'alert', 'blocked', 'Blocked on design direction for grouped multi-agent messages on mobile.', '{"dependency":"group-thread-ux-decision","requestedFrom":"pm"}', 't', '2026-02-18T14:32:28.970Z');
UPDATE public.ticket_events SET session_id = '55555555-5555-4555-8555-555555555551' WHERE id = '99999999-9999-4999-8999-999999999991';
UPDATE public.ticket_events SET session_id = '55555555-5555-4555-8555-555555555552' WHERE id = '99999999-9999-4999-8999-999999999992';
UPDATE public.ticket_events SET session_id = '55555555-5555-4555-8555-555555555553' WHERE id = '99999999-9999-4999-8999-999999999993';
INSERT INTO public.shared_state (id,ticket_id,session_id,state_key,state_value,tags,source,created_at) VALUES ('aaaaaaaa-aaaa-4aaa-8aaa-aaaaaaaaaaa1', NULL, NULL, 'attach_contract.v1', '{"operations":["attach","ask","update","read_context","write_context","deliver"],"requiresHeartbeat":true}', '{"protocol","mvp","contract"}', 'agent', '2026-02-18T14:32:28.970Z'), ('aaaaaaaa-aaaa-4aaa-8aaa-aaaaaaaaaaa2', NULL, NULL, 'working_domains', '{"modules":["auth","tickets","shared_state"],"files":["app/api/protocol/overlap/route.ts"]}', '{"overlap","collision-detection"}', 'agent', '2026-02-18T14:32:28.970Z'), ('aaaaaaaa-aaaa-4aaa-8aaa-aaaaaaaaaaa3', NULL, NULL, 'deep_link_matrix', '{"claude":"copy+open","chatgpt":"custom-gpt-deep-link","terminal":"agentdesk-url-scheme","cursor":"ide-url-scheme"}', '{"deep-links","ux"}', 'agent', '2026-02-18T14:32:28.970Z');
UPDATE public.shared_state SET ticket_id = '44444444-4444-4444-8444-444444444441', session_id = '55555555-5555-4555-8555-555555555551' WHERE id = 'aaaaaaaa-aaaa-4aaa-8aaa-aaaaaaaaaaa1';
UPDATE public.shared_state SET ticket_id = '44444444-4444-4444-8444-444444444442', session_id = '55555555-5555-4555-8555-555555555552' WHERE id = 'aaaaaaaa-aaaa-4aaa-8aaa-aaaaaaaaaaa2';
UPDATE public.shared_state SET ticket_id = '44444444-4444-4444-8444-444444444443', session_id = '55555555-5555-4555-8555-555555555553' WHERE id = 'aaaaaaaa-aaaa-4aaa-8aaa-aaaaaaaaaaa3';
INSERT INTO public.artifacts (id,ticket_id,event_id,session_id,artifact_type,label,uri,content,metadata,created_at) VALUES ('bbbbbbbb-bbbb-4bbb-8bbb-bbbbbbbbbbb1', '44444444-4444-4444-8444-444444444443', NULL, NULL, 'summary', 'Open in menu implementation notes', 'docs/open-in-menu.md', 'Implemented platform-specific launch actions with graceful fallback to copied attach command.', '{"format":"markdown","status":"draft"}', '2026-02-18T14:32:28.970Z'), ('bbbbbbbb-bbbb-4bbb-8bbb-bbbbbbbbbbb2', '44444444-4444-4444-8444-444444444441', NULL, NULL, 'diff', 'Attach flow route handlers', 'app/api/protocol/attach/route.ts', NULL, '{"linesChanged":124,"includesTests":true}', '2026-02-18T14:32:28.970Z');
UPDATE public.artifacts SET event_id = '99999999-9999-4999-8999-999999999993', session_id = '55555555-5555-4555-8555-555555555553' WHERE id = 'bbbbbbbb-bbbb-4bbb-8bbb-bbbbbbbbbbb1';
UPDATE public.artifacts SET event_id = '99999999-9999-4999-8999-999999999991', session_id = '55555555-5555-4555-8555-555555555551' WHERE id = 'bbbbbbbb-bbbb-4bbb-8bbb-bbbbbbbbbbb2';
INSERT INTO public.connections (id,owner_id,provider,display_name,config,is_default,created_at,updated_at) VALUES ('cccccccc-cccc-4ccc-8ccc-ccccccccccc1', NULL, 'claude', 'Claude Desktop MCP', '{"method":"mcp","endpoint":"https://agentdesk.example.com/mcp","supportsDeepLink":false}', 't', '2026-02-18T14:32:28.970Z', '2026-02-18T14:32:28.970Z'), ('cccccccc-cccc-4ccc-8ccc-ccccccccccc2', NULL, 'chatgpt', 'AgentDesk Custom GPT', '{"method":"rest","deepLinkTemplate":"https://chat.openai.com/g/agentdesk-agent?q=attach+{ticket_number}"}', 'f', '2026-02-18T14:32:28.970Z', '2026-02-18T14:32:28.970Z'), ('cccccccc-cccc-4ccc-8ccc-ccccccccccc3', NULL, 'terminal', 'Local CLI Bridge', '{"method":"cli","command":"agentdesk attach {ticket_number}"}', 't', '2026-02-18T14:32:28.970Z', '2026-02-18T14:32:28.970Z');
UPDATE public.connections SET owner_id = '11111111-1111-4111-8111-111111111111' WHERE id = 'cccccccc-cccc-4ccc-8ccc-ccccccccccc1';
UPDATE public.connections SET owner_id = '11111111-1111-4111-8111-111111111111' WHERE id = 'cccccccc-cccc-4ccc-8ccc-ccccccccccc2';
UPDATE public.connections SET owner_id = '22222222-2222-4222-8222-222222222222' WHERE id = 'cccccccc-cccc-4ccc-8ccc-ccccccccccc3';
