INSERT INTO auth.oauth_clients (id,client_secret_hash,registration_type,redirect_uris,grant_types,client_name,client_uri,logo_uri,created_at,updated_at,deleted_at,client_type,token_endpoint_auth_method) VALUES ('577e4468-a806-489e-8b99-206471e7442c', '', 'manual', 'http://127.0.0.1:45619/callback', 'authorization_code', 'Overlord CLI', NULL, NULL, DEFAULT, DEFAULT, NULL, 'public', 'none'), ('f9a4c58c-68c7-4a20-88f9-2a2dc3eed88e', '', 'manual', 'http://127.0.0.1:45620/callback', 'authorization_code', 'Overlord Electron', NULL, NULL, DEFAULT, DEFAULT, NULL, 'public', 'none');
INSERT INTO auth.users (instance_id,id,aud,role,email,encrypted_password,email_confirmed_at,invited_at,confirmation_token,confirmation_sent_at,recovery_token,recovery_sent_at,email_change_token_new,email_change,email_change_sent_at,last_sign_in_at,raw_app_meta_data,raw_user_meta_data,is_super_admin,created_at,updated_at,phone,phone_confirmed_at,phone_change,phone_change_token,phone_change_sent_at,email_change_token_current,email_change_confirm_status,banned_until,reauthentication_token,reauthentication_sent_at,is_sso_user,deleted_at,is_anonymous) VALUES ('00000000-0000-0000-0000-000000000000', '11111111-1111-4111-8111-111111111111', 'authenticated', 'authenticated', 'jake@c.com', '$2a$10$Ak5xAbjO2ZkpsgwBqKwsxOWQcnc2XDyCVZ4WN9Dh0GukXjO5PmAm6', '2020-02-10T13:34:50.000Z', '2020-03-07T03:00:57.000Z', 'Videant qui et restatem eas causa epicipsa.', '2020-12-28T11:35:00.000Z', 'Graecistius ab esse verum libervi, periis sit vire vitamicar voluptatem atione fortibus eo.', '2020-01-09T00:49:11.000Z', 'Concere ego nihil intellegan intera.', 'Lectorquem otis optimi sentiar legantiam scaevole.', '2020-10-02T09:19:38.000Z', '2020-08-16T19:13:05.000Z', '{"provider":"email","providers":["email"]}', '{"name":"Jake","email":"jake@c.com","username":"jchaselubitz"}', 'f', '2020-06-06T05:41:47.000Z', '2020-03-11T02:10:13.000Z', DEFAULT, '2020-03-11T02:53:19.000Z', DEFAULT, DEFAULT, '2020-12-24T11:30:02.000Z', DEFAULT, DEFAULT, '2020-06-10T05:08:46.000Z', DEFAULT, '2020-06-26T17:49:35.000Z', DEFAULT, '2020-03-23T14:25:27.000Z', DEFAULT), ('00000000-0000-0000-0000-000000000000', '22222222-2222-4222-8222-222222222222', 'authenticated', 'authenticated', 'alice@c.com', '$2a$10$Ak5xAbjO2ZkpsgwBqKwsxOWQcnc2XDyCVZ4WN9Dh0GukXjO5PmAm6', '2020-02-26T13:38:22.000Z', '2020-03-23T14:40:28.000Z', 'Epicium confirmissum inem andae dolordinem nec util.', '2020-10-18T22:13:30.000Z', 'Rerum dum orum amiciti quam, insequimur aut maximus dis ad illus.', '2020-09-25T08:22:24.000Z', 'Se eius et continere sedatum et, vituptas iudicarte necest in omnesque saepe spatio.', 'Is liberea consequatur ne liberenda etiamque quasi.', '2020-06-18T17:21:57.000Z', '2020-03-27T14:58:22.000Z', '{"provider":"email","providers":["email"]}', '{"name":"Alice","email":"alice@c.com","username":"alicecooper"}', 'f', '2020-01-17T12:52:35.000Z', '2020-05-25T17:01:44.000Z', DEFAULT, '2020-07-19T18:13:25.000Z', DEFAULT, DEFAULT, '2020-06-22T05:10:29.000Z', DEFAULT, DEFAULT, '2020-04-04T15:27:18.000Z', DEFAULT, '2020-06-06T17:32:29.000Z', DEFAULT, '2020-08-12T20:00:19.000Z', DEFAULT);
INSERT INTO public.organizations (id,name,created_at,updated_at,feed_retention_days) VALUES (1, 'Cooperativ', DEFAULT, DEFAULT, 30);
SELECT setval('"public"."organizations_id_seq"'::regclass, (SELECT MAX("id") FROM "public"."organizations"));
INSERT INTO public.members (organization_id,user_id,role,created_at,updated_at) VALUES (1, '11111111-1111-4111-8111-111111111111', 'ADMIN', DEFAULT, DEFAULT), (1, '22222222-2222-4222-8222-222222222222', 'MANAGER', DEFAULT, DEFAULT);
INSERT INTO public.ticket_statuses (name,status_type,position,is_default,created_at,updated_at,organization_id) VALUES ('icebox', 'draft', 0, 't', DEFAULT, DEFAULT, 1), ('draft', 'draft', 1, 't', DEFAULT, DEFAULT, 1), ('next-up', 'draft', 2, 't', DEFAULT, DEFAULT, 1), ('in-progress', 'execute', 3, 't', DEFAULT, DEFAULT, 1), ('review', 'review', 4, 't', DEFAULT, DEFAULT, 1), ('complete', 'complete', 5, 't', DEFAULT, DEFAULT, 1), ('blocked', 'execute', 6, 't', DEFAULT, DEFAULT, 1), ('cancelled', 'complete', 7, 't', DEFAULT, DEFAULT, 1);
INSERT INTO public.projects (id,organization_id,name,color,created_at,updated_at,everhour_project_id,local_working_directory) VALUES ('aaaaaaaa-0000-4000-8000-000000000001', 1, 'Alpha', '#6366f1', DEFAULT, DEFAULT, 'Consoleatur quia excelertis metu de itatomi tam ferata, defenti quae dedocaris im sint aut voluptatem modis.', 'Ad non em quid caritia.'), ('aaaaaaaa-0000-4000-8000-000000000002', 1, 'Beta', '#10b981', DEFAULT, DEFAULT, 'Id quidamicip successione tem suum nec si, ula te res quamquam torquatus liberant naturos.', 'Et fecta aut dicermiser temporis, iditero sentendistin quam spe relignem explentur.');
INSERT INTO public.tickets (id,ticket_sequence,title,context,constraints,available_tools,acceptance_criteria,output_format,assigned_agent,priority,status,created_by,created_at,updated_at,board_position,organization_id,everhour_task_id,project_id,execution_target,recent_agent,search_vector,is_read,delegate,due_datetime,schedule_id) VALUES ('bbbbbbbb-0000-4000-8000-000000000001', 14978343, 'Set up CI/CD pipeline', DEFAULT, DEFAULT, DEFAULT, NULL, DEFAULT, NULL, 'high', 'review', '11111111-1111-4111-8111-111111111111', DEFAULT, DEFAULT, 1, 1, NULL, 'aaaaaaaa-0000-4000-8000-000000000001', 'agent', 'Claude', 'Dixi', DEFAULT, NULL, '2020-04-20T15:51:34.000Z', NULL), ('bbbbbbbb-0000-4000-8000-000000000002', 12745127, 'Design system tokens', DEFAULT, DEFAULT, DEFAULT, NULL, DEFAULT, NULL, 'medium', 'draft', '11111111-1111-4111-8111-111111111111', DEFAULT, DEFAULT, 2, 1, NULL, 'aaaaaaaa-0000-4000-8000-000000000001', 'human', NULL, 'Quae', DEFAULT, NULL, '2020-08-04T07:38:52.000Z', NULL), ('bbbbbbbb-0000-4000-8000-000000000003', 30184, 'Write API documentation', DEFAULT, DEFAULT, DEFAULT, NULL, DEFAULT, NULL, 'low', 'draft', '11111111-1111-4111-8111-111111111111', DEFAULT, DEFAULT, 3, 1, NULL, 'aaaaaaaa-0000-4000-8000-000000000001', 'agent', NULL, 'Quoque', DEFAULT, NULL, '2020-08-16T20:01:19.000Z', NULL), ('bbbbbbbb-0000-4000-8000-000000000004', 15206256, 'Integrate analytics SDK', DEFAULT, DEFAULT, DEFAULT, NULL, DEFAULT, NULL, 'medium', 'draft', '11111111-1111-4111-8111-111111111111', DEFAULT, DEFAULT, 1, 1, NULL, 'aaaaaaaa-0000-4000-8000-000000000002', 'human', NULL, 'Etiam', DEFAULT, 'Claude', '2020-11-27T10:37:57.000Z', NULL), ('bbbbbbbb-0000-4000-8000-000000000005', 6175284, 'Audit accessibility issues', DEFAULT, DEFAULT, DEFAULT, 'The script runs without errors and resolves all WCAG AA violations.', DEFAULT, NULL, 'high', 'draft', '11111111-1111-4111-8111-111111111111', DEFAULT, DEFAULT, 2, 1, NULL, 'aaaaaaaa-0000-4000-8000-000000000002', 'human', 'Codex', 'Forent', DEFAULT, 'Claude', '2020-03-19T14:34:00.000Z', NULL), ('bbbbbbbb-0000-4000-8000-000000000006', 13745053, 'Migrate legacy data', DEFAULT, DEFAULT, DEFAULT, 'The script runs without errors and migrates all records from the old schema to the new one.', DEFAULT, NULL, 'medium', 'draft', '11111111-1111-4111-8111-111111111111', DEFAULT, DEFAULT, 3, 1, NULL, 'aaaaaaaa-0000-4000-8000-000000000002', 'human', NULL, 'Vult', DEFAULT, NULL, '2020-03-27T02:11:32.000Z', NULL);
SELECT setval('"public"."tickets_ticket_sequence_seq"'::regclass, (SELECT MAX("ticket_sequence") FROM "public"."tickets"));
INSERT INTO public.objectives (id,ticket_id,objective,is_executed,created_at,updated_at,title) VALUES ('561a6d8d-6cc8-5dee-9884-fb29b396bcff', 'bbbbbbbb-0000-4000-8000-000000000001', 'Configure GitHub Actions workflows for lint and test jobs.', 't', DEFAULT, DEFAULT, 'CI workflow setup'), ('6107b5f3-ac2d-573f-8db5-c3a2e6f94155', 'bbbbbbbb-0000-4000-8000-000000000001', 'Add the deploy job and wire in production secrets.', 't', DEFAULT, DEFAULT, 'Deployment wiring'), ('c462c9df-625f-5e66-8c0b-b51e8d8e1f02', 'bbbbbbbb-0000-4000-8000-000000000002', 'Define color, spacing, and typography tokens for the Alpha project.', 'f', DEFAULT, DEFAULT, 'Naturi existotum te alique dis apero et, quidem nominquit ineris quaerito aliquid.'), ('15d97848-fe7b-5827-9994-49df21486bb0', 'bbbbbbbb-0000-4000-8000-000000000003', 'Document all public REST endpoints with examples and error codes.', 'f', DEFAULT, DEFAULT, 'Mihi reret issimistim er causae petu inest, ipsummum amet distinera hoc esse sentitudin etiam faciuncta.'), ('0a3e0777-c341-5e7d-a3e7-b1939b5d3971', 'bbbbbbbb-0000-4000-8000-000000000004', 'Add PostHog analytics to the Beta project and instrument key user flows.', 'f', DEFAULT, DEFAULT, 'Collaudat rationistim detracta ad quid beata eum, sunt autem effeci leviorem dolorum a.'), ('12a036fa-dc7c-57a8-8a2c-cfa5edd9f40f', 'bbbbbbbb-0000-4000-8000-000000000005', 'Run axe-core across all pages and resolve WCAG AA violations.', 'f', DEFAULT, DEFAULT, 'Sanciret ectute at videt inem opere, supplicabo inum verenim splendide vivent imum aut a.'), ('6a87852d-a016-5cee-a672-118c1106d119', 'bbbbbbbb-0000-4000-8000-000000000006', 'Write a one-time script to migrate records from the old schema to the new one.', 'f', DEFAULT, DEFAULT, 'Physici alestias divitatque facta conscientia et.');
INSERT INTO public.agent_sessions (id,ticket_id,agent_identifier,connection_method,session_state,session_key,metadata,heartbeat_at,attached_at,detached_at,created_at,updated_at,external_url,external_session_id) VALUES ('cccccccc-0000-4000-8000-000000000001', 'bbbbbbbb-0000-4000-8000-000000000001', 'Claude', 'claude_code', 'completed', 'aaaaaaaa-bbbb-4ccc-8ddd-eeeeeeeeeeee', '{"source":"seed","purpose":"review-ticket-file-changes"}', '2026-03-26T10:00:00.000Z', '2026-03-26T09:45:00.000Z', '2026-03-26T10:05:00.000Z', DEFAULT, DEFAULT, NULL, NULL);
INSERT INTO public.ticket_events (id,ticket_id,session_id,event_type,phase,summary,payload,is_blocking,created_at) VALUES ('dddddddd-0000-4000-8000-000000000001', 'bbbbbbbb-0000-4000-8000-000000000001', NULL, 'deliver', 'review', 'Delivered the CI/CD workflow update for review.', '{"files_changed":2,"objective_titles":["CI workflow setup","Deployment wiring"]}', 'f', DEFAULT);
UPDATE public.ticket_events SET session_id = 'cccccccc-0000-4000-8000-000000000001' WHERE id = 'dddddddd-0000-4000-8000-000000000001';
INSERT INTO public.file_changes (id,ticket_id,session_id,event_id,file_name,file_path,label,summary,why,impact,change_kind,attribution_source,confidence,hunks,created_at,updated_at) VALUES ('eeeeeeee-0000-4000-8000-000000000001', 'bbbbbbbb-0000-4000-8000-000000000001', 'cccccccc-0000-4000-8000-000000000001', 'dddddddd-0000-4000-8000-000000000001', 'ci.yml', '.github/workflows/ci.yml', 'CI workflow updates', 'Added lint and test jobs with cached dependencies and fail-fast behavior.', 'This mirrors the first completed objective and gives the review card a concrete diff to inspect.', 'Improves pipeline feedback time and makes the review state feel like an in-progress deliverable.', 'modify', 'explicit', 'explicit', '[{"header":"@@ -1,8 +1,34 @@"}]', DEFAULT, DEFAULT), ('eeeeeeee-0000-4000-8000-000000000002', 'bbbbbbbb-0000-4000-8000-000000000001', 'cccccccc-0000-4000-8000-000000000001', 'dddddddd-0000-4000-8000-000000000001', 'deploy.yml', '.github/workflows/deploy.yml', 'Deploy workflow updates', 'Wired production secrets into the deploy job and gated releases on the main branch.', 'This mirrors the second completed objective and shows a second file in the same review batch.', 'Shows how the review ticket can carry multiple related file changes before merge.', 'modify', 'explicit', 'explicit', '[{"header":"@@ -0,0 +1,28 @@"}]', DEFAULT, DEFAULT);
INSERT INTO public.feed_posts (id,organization_id,project_id,ticket_id,session_id,agent_type,title,body,tags,impact_level,files_touched,tradeoffs,human_actions,source_event_ids,source_window_start,source_window_end,created_at,updated_at,tickets_created) VALUES ('eb2f39ef-dbf0-5ca6-9c6e-bd28d6aedea8', 1, 'aaaaaaaa-0000-4000-8000-000000000001', 'bbbbbbbb-0000-4000-8000-000000000001', NULL, 'Veritur quae nihilii detractis quis possit integre, congressus satisti statimpedal consequam litter.', 'CI/CD pipeline scaffolded', 'Created the initial GitHub Actions workflows for linting and testing. Deployment step is stubbed pending secrets setup.', '{"ci","devops"}', 'medium', '{".github/workflows/ci.yml",".github/workflows/deploy.yml"}', '{"notes":"Used matrix builds for speed; increases parallel job costs."}', '{"Reviewed workflow config","Approved secrets plan"}', DEFAULT, '2020-07-11T18:47:32.000Z', '2020-08-20T19:29:35.000Z', DEFAULT, DEFAULT, '[]'), ('28f2a137-3a27-550d-95fa-832ad097adfd', 1, 'aaaaaaaa-0000-4000-8000-000000000001', 'bbbbbbbb-0000-4000-8000-000000000002', NULL, 'Quod ut est nihiliores eos acut nihilesse.', 'Design tokens defined', 'Established the initial color palette and spacing scale. Typography tokens are pending font licensing confirmation.', '{"design","frontend"}', 'low', '{"tokens/colors.ts","tokens/spacing.ts"}', '{"notes":"Opted for CSS custom properties over JS-in-CSS for broader tooling compatibility."}', '{"Reviewed palette with design team"}', DEFAULT, '2020-08-16T08:07:23.000Z', '2020-03-07T02:40:34.000Z', DEFAULT, DEFAULT, '[]'), ('b23c41a8-98c5-5998-aa1e-a9d63209dfc3', 1, 'aaaaaaaa-0000-4000-8000-000000000002', 'bbbbbbbb-0000-4000-8000-000000000004', NULL, 'Aret constituando non possimum probavitat deorum paritat quodsi, expressas morbis nos honore igam soleat ulla.', 'PostHog SDK integrated', 'Installed and initialized PostHog in the Beta app. Key flows (signup, onboarding, checkout) are now instrumented.', '{"analytics","tracking"}', 'medium', '{"lib/analytics.ts","app/layout.tsx"}', '{"notes":"Lazy-loaded the SDK to avoid blocking initial render."}', '{"Verified events in PostHog dashboard"}', DEFAULT, '2020-02-18T01:05:36.000Z', '2020-06-18T06:02:16.000Z', DEFAULT, DEFAULT, '[]'), ('03001170-4b13-556d-a0ba-beccf9189e29', 1, 'aaaaaaaa-0000-4000-8000-000000000002', 'bbbbbbbb-0000-4000-8000-000000000005', NULL, 'Autemque causa eae sent appeterim, legenturum nec in quidque nullam.', 'Accessibility audit complete', 'Ran axe-core on all pages. Found 12 WCAG AA violations — 8 resolved, 4 deferred to next sprint pending design input.', '{"a11y","quality"}', 'high', '{"components/Button.tsx","components/Modal.tsx","app/page.tsx"}', '{"notes":"Deferred colour-contrast changes until brand refresh is finalised."}', '{"Triaged violations with design","Merged accessibility fixes"}', DEFAULT, '2020-03-19T02:39:08.000Z', '2020-10-10T21:24:11.000Z', DEFAULT, DEFAULT, '[]');
